id,desc,seq,label,score
WP_442496458.1,WP_442496458.1 tetratricopeptide repeat protein [Leptospira interrogans],MKENYNILNIPQDLVEDLTTVKRINTNSQGWFDLASIREIQFGSIQIGPFKTKENGQYYTNSFGLILNSEIYDESHEILVWLPRLQHYGTWDSSRDELHIFPNQTXXNLDSDLIPFIEAQWGTYEGANKIKHLTIKGISKYADAFDFIPYHLNETVEKLSDDQLIDFLDQYENTILRHPNVSTLDEAYFALAKVYFRLGQKDPNQKNVWKEKCLQILNYYPQGRFHREKDAAEICVWASAEFGLKVFKNLLEKDKRQPEYAGGASLVSAFLIHFPDQWESILEISKVKTNTIGTLHSIETAKTWALNVANNALAAKLKQNQNVMELISKLLTQIEEFILSAPLGEFSEQEIHEIRHKKIVDRLTQGWEYLKKKEYSKVEELLNSIFAAYEKDGEALFLDARLFWLKSGSAEEGMKRAEKNLLLASNGDRLGRGRLYNLIGCALDELGKWEEALLSFQKAEELSPQDSIYVANLAEIFWKLGNKTSAGRYAKKAKSMGNQSEIVETIFRETTKNSPKE,0.4666666666666666,0.47162365913391113
WP_442496325.1,WP_442496325.1 OmpA family protein [Leptospira interrogans],MSLKNKNYVLLKKTILILFLIYFVFIISFFSIYSQDLSINQNTKPEKLKGSINTSLNEFGISLTDDXXILXFYSKRQNSNYTDIYKSTRMKDEWTQGEEIEVLNSNFDDQSPFILNREEGILFSSNRDGATEFQFANGKIGVSRDIYFSKKINSSWTEPVLLPRAVNTEEIEENPFLFNNRLYFTRYPFGQVSEADIFVSVYKNNTWEKAMSLPDPINTVYSEIAATISKDGKTIYFSSNRPGGFGGYDLYKSTLLENGNYSEPINLGPEINTTGDEAFFLETNDRKTFYFCRRKERDYDIYSIVSNPFQELEKGKSISLDSIHFSLDSYEILENSFSILDNLNSYLKENLNIKIKITGHTDLNGDSQDNLILSRNRANAVKDYLVKRGIDSQRIITDGKGSSEPIVPMKNPETDYKNRRTEFQIISR,0.42,0.40380892157554626
WP_442496185.1,WP_442496185.1 tetratricopeptide repeat protein [Leptospira interrogans],MKENYNILNIPQDLVEDLTTVKRINTNSQGWFDLASIREIQFGSIQIGPFKTKENGQYYTNSFGLILNSEIYDESHEILVWLPRLQHYGTWDSSRDELHIFPNQTWTSLNSDFIPFIEAQWGTYEGANKIKHLTIKGISKYADAFDFIPYHLNETVEKLSDDQLIDFLDQYENTILRHPNVSTLDEAYFALAKVYFRLGQKDPNQKNVWKEKCLQILNYYPQGRFHREKDAAEICVWASAEFGLKVFKNLLEKDKRQPEYAGGASLVSAFLIHFPDQWESILEISKVKTNTIGTLHSIETAKTWALNVANNALAAKLKQNQNVMELISKLLTQIEEFILSAPLGEFSEQEIHEIRHKKIVDRLTQGWEYLKKKEYSKVEELLNSIFAAYEKDGEALFLDARLFWLKSGSAEEGMKRAEKNLLLASNGDRLGRGRLYNLIGCALDELGKWEEALLSFQKAEELSPQDSIYVANLAEIFWKLGNKTSAGRYAKKAKSMGNQSEIVETIFRETTKNSPKE,0.4666666666666666,0.47227537631988525
WP_434963697.1,WP_434963697.1 TonB-dependent receptor plug domain-containing protein [Leptospira interrogans],MSLTSAGTLWAKASLRLKIFANSKSDPPTQIWVRGNGYSKVFSLSDQSSELTIDLKEQGVYDVILTFKSGEMEHKFVTVDSDEKNLEFVQKTKKVTNGINVVGKRPEAPPNYVLSQEDAIRMPGGFGDALKAVQSMPGISPMYQMYTGASFQSAIQTFAQATNPDKPDKPNGEKGFLVMRGAGARANQFYFNGLPMSYPFHADGLTSVINNNAIRSLELYSGSYSARYGFATGGIINIEGFQKRDSNLSVAHLNAFLTDVYTYRNITKDLNVSVSGKKYYPNIVFGRVPNLIPAETFLADYNDYQARIGWDISENHSLSFQTFGAKDKRYPFKELSQYNPKETAQSFANPPSDADAARLDRIFRTDGIQHIWKPKSSITNTFNVSRNYFNEVTENGLDMLVLDITKIGYPPSLYKRVQTIQNEYFNDLRQIENVSEVELLKRNWKIVFGGQYREVDTGYKGKVSQIDLDPTYNFIHQQLLNSSDVKSVLEGDSVRTRQIGTFFENRFKFYDFNLNLGVRREYYDKSREWKTAPRVAISKEIAYTQSRIFAGYGKHFQAPSDVSRYSARTGNPNLKMEESEHAEIGWDQKIGNFWNIKIEGYQNTFSNLSIADPYAMDPFSRNRDLMRESLDPNADLSLVRRSNLNYSNSMTGYSRGVEVFIKKEASAESGLYGWISYTKSITKRNRNLPELTKQEYSSWLAESSAKDLIHQENTDYYYANFYRDGSYDVLFKNSKEELYDFDRTHMFNMVIGWKFGEKAQIGLRGTYLTNYAYTPVVGSKTTSIQESLSEAFPSLPPIPSSSSSSSAFPIYKPVYSDMLRSARLPHYHQFDLRFDRFIPTSWGRMTAYLELVNITGSRIAVSADTFVPIFPFVPGANPETQYIYLNGLQSLRTEKNKIPYLNFGIEFRF,0.4133333333333333,0.4518677294254303
WP_434941104.1,WP_434941104.1 energy transducer TonB [Leptospira interrogans],MFACVPRLGPMVDRDPLLRRSCLKKKLVIFGVNFLSWSSPFLGLGIFFPLGVLFAFPKGREVRSSAFGSLLFQIACWVVLYPLEVSAILFPTVEAFVRTFVMNLREWLIGFYVLVGFIILVSHSYFLKKQRERLSKRSLSVLIPEEKIERIHYKILVLFVAGYLTSKLVFQDSYRLEYGQIGILEDSFLYFFSVLIAGDTLLSRGKQFFLFRRPWKLFEKQTRIARYSGFQGKWGLLKQKNAKLRDWIFPGWGHIYIGNLWKGFSILFLYLLLLLFLATSFFSWLEPADGIRFLMSMGLKPGIRDQTFFKITSSVIPILIFLGGIAVVHIISRFLLGRTFRSEPDDLTPKGTFISNLSYSILLHLILISLILIIPVTLQRKNKQKESERQRTHFTPEHLEFYFIDPNLPNEVKGLNGGVVSGTETPTQKEGEKVPEDKPAEEGRVKGEVKQVRGKKLPATYSNYISAKMRGPESFMEYWRRAPKNYSSVVAYTVTPDGEVVDVDLVEASDYPEQDQMTLELIESLSPLMPPPGTKGYVRVTELFWNGSIDPNAMPTPLQKELVTMYDGRYMEEL,0.5,0.45825374126434326
WP_434940892.1,WP_434940892.1 TonB-dependent receptor [Leptospira interrogans],MKLIYKILILFLKDFCFRFLVFDFLSKKIYLVLFWVRSFETLLELISEFQKCKKTNLNIIKSSRFWNRFLKTKSFQKVFLFQKMRILGSLVVFVNKSLFRNLRTYFRNLWCGNSYRNLATEKSFKFGDSTLRDITCGNYCILLKIFPRFVDFFGVLKITPKWILKIISILFISNVIMAQEPNTEKEETKKKEIVVTGKADFTNLNSASEDTVRSEQIRSRPISRTGEIAEFVPGMIATQHSGSGKGNQYFLRGFNLDHGTDFASHVNGIPINNPSHGHGQGYTDLSFLIPELIEEIKFKKGVYSAEEGNFSSAGSMNVSYFRSLQKGIVSLEGGTLGYARALVAKSYTIGRGSLLYALETSHYDGPWTVKENYKKVNGVVSYSGGDEQNGYRILAMGYIGNWHTTHQIPKRAIGHELRRFDTVDPTDGGFTNRASISGEAQHTDKNTHAKILIYGLYNDLSLFSNTTYYLDDPIRGDQIEQTDRRTVSGLKSSYKIRSVWDEIKFENLFGFQMRRDFIRNALYHTEKRAELDIVRSNQIIETNISVYYESKIHWSSKIRTIIGLRGDQFQFHVDDRNSELNDRKRFSTANPKGGIVFGPWLNTEIYLNAGRGFHTNDARGLTNKENTFTPIVRSYGGEFGVRSMVFENWKTVLSLWQLDLDSELIFEGDSASTVASRSSTRRGVEWSNYFEPIKGLILDSEVSISRSRFRGDESTGNFIPGSIEHVYSGGITLKETNGFFGSIRGRYFGPRALIEDNSVRSPPTTLFNFQIGKKFNDVWSIVFEIMNIQNAKVSDIDYYYASRLKSEPEGPDEGGYNDIHTRPASPRSIRFGVRASF,0.44,0.3935076892375946
WP_434940794.1,WP_434940794.1 BamA/OMP85 family outer membrane protein [Leptospira interrogans],MIHCKYPGGFSFTLKRIFSPILKGTLFAILVGLLFYSGELTQILSKRSDFLGKTIKEVKFKGNKNTPDADLESMIEIKVGKILTKRILDRDLKNLFNSGFFYFVDIQAEDFQDGVRIIFDLKERPRVREIEFVGADEVFPADLRDKLPLKDNEVITPQKITKSRDLILQKYRDEGFFLAYVKVELGKPDPKTNLVRVRFIIDEGEEIPVSKINVYGNESIETSEILSIMEMKEEGVFEGGNFKESSFEKDKDTIVAYLKSKGYLDAELIREGTNWEIHWENPEKKDRRVIIVNIKISEGQVYFFNGYTLNHDMSLDGEGRPLFLNKEKNPPETTKEELKPLFTPKEIEKSLDYSDADVGVIFDETRFMRDRGAMNELYSSRGYLFAQVIPRRKIVSLDRENLEYYENCYSRKSEEERRICENEYSQLHVKRLRQLYNTKPELHGKKFVHVDFNIRENNLAYVENVIIKGNKKTQDRVIRRELLFKQGDLFNSILVNRSRERIFNLGYFKEVNFNMRPGSDQTKMNLIIEVVEQPTGTVSMGGGYGTITGFSIFTEVGENNLNGTGQKISGRLEFGPFRRLFQITWTEPWLYNKPWSLSLSLFYSSRIYNVGAVSITENNNQQSIKEQAIYSRDGVGFTVGIGHRIFINWTHFHRYSPSIYASTNPSSLVSDQVLAEVRRGWQFRSQISNGIAYDIRDNVFNPTQGYDLLFQIDNVGQALGGQSHFDQYRVLAEYYHTWFDYSFFGLFRNNALRRWRVVQEFRSSSLFTYQRVPYYGKQDPIQKPYIQLQDLQFLGGYESLRGWFYDDAKYPAEWRDGAATRMMFGSELRFPIEPTLLWLVAFFDAGALYEEVNRATGVRKDLFETYDQRVREAQMKDPVGYYLANNYNLTALRKADYTFEELNNPANLVLSGNNVALDKFRFSWGVGLRIQIPVLPLRIYFAQKLKYTGVADHPFTKFESDNAFQFVFGIGDYRF,0.45999999999999996,0.4284731149673462
WP_000656798.1,"WP_000656798.1 TonB-dependent receptor plug domain-containing protein, partial [Leptospira interrogans]",MKEEDKKTSEKENGIMVQGKKDKRDIEIFKTPSSISRFNEQDILDKGISRTNDIDKQVPNFAIIDSGARNFTYYNIRGMRSTLFSDPSVGLIVDGVPLVDNVALNTELFALDSIEVHRGSQATVFAKNFQGGVIEINTKKPNNMPQGRFMVDWGNYKKKEYSFFYNTPLIKNKLYISISGKSTQRNGYLNNVSGFNYPNNLVSDIPIEVHKTHPDGRRGKSGRLRLFWTPLENLEVDLQTNAESFDDGSLNIVNYL,0.4733333333333333,0.4538598954677582
YBV23201.1,YBV23201.1 FlgO family outer membrane protein [Leptospira interrogans],MKYSIFIIFFLLSFLIECASGHRFEKKQTLKSLDVVLQEVSDLLKKQIEVNGKTFSPEKKNTFKLAVLPLFNESGAITILGTTISSRLLSKMYDPGKIVLVEKSQLGRLIDEQSFQKSGLILSNQNLEIGRLSGADLILLGTVQFDDQSFLLQLRVVSLQSGEILAVAESVFDSDDSLYNQYRSVKP,0.38666666666666666,0.41783076524734497
YBV22665.1,YBV22665.1 outer membrane lipoprotein-sorting protein [Leptospira interrogans],MDRILAFTFGFFALVVLSKEINSQGSAIRVAQELVARLDQVLVKSNQGLIKGNLILIRRNGETWNWDVSIFRKEDDTLYLFESSGKGLEYKILIKDEGEQIYIFNALSKKIFRKVDEEKYESHLATGFSFMDLSGASYQANYNPIVQSDLKTADQSFKRVSLKPIIPYFYSKLILLLSLDSLKPTRLDFHDRDGVLFKTMNIKYGPVKVKQNQKTTKEEHANRLEMLDLNTGSVSVLEYIEIDKEVKPDPSLFDLANLNR,0.48666666666666664,0.45361119508743286
YBV22109.1,YBV22109.1 outer membrane protein transport protein [Leptospira interrogans],MQKTKIAFRFYFKILFFICIGSISVNSLFGVGVFQPSHNARYAGMAGVNLAIGGSPMDIATNPANLVLNSKGGLEFGIGLPYIRSQYKDRLSDTNPETEYHNSQNYNILAPLPYFGLTLPLTDRLSYGVGIYVPGGGSGQVNGILRLTPNAQSLRDWSGVDIPGPIGDSKKIKEDLSTTFYVVKATNALAYRFGNLSVGMGIEMIYSKQIANQKFYDITHTLEIPGQGFDYRSKNAYSMGGIFGFSYAFTELFRIAYSYQTRSILPLDGGMQIGIGDVNNYRRTGVSATFNLPEKHGLGFSFGNESLKIGLDFLYYNYNSYDQTFKQRLEDPWFPTFLGKTNTITQNIAYHDAWAGAIGIEYKLDSFVYRGGYRYNTGVVRSEGISALQAGIMVQQLATLGLSFLSGKWSFDLAINYLFAKKVTADPGNNWAVLHSAFGPNDIRILNYSQSLQSDVPVILFGASYKFD,0.42666666666666664,0.3806394338607788
YBV22088.1,YBV22088.1 outer membrane lipoprotein carrier protein LolA [Leptospira interrogans],MTRFPRHLILVKKIPGDPVFLMKKTIILSFFILFLALEPSLLAQPAHNWNSPSEVVKQVKKKFSDLNSYKADFQIQTVSNKKSKNMKGVCLYKKGGRIRYQFNEPSGDEIVSDGKTLYIYIARLNAVGKQDLTLNKSNKSGPIFSNFTDEGLSRIFRKYHYKFDSIEQPQTSSKDGRKYFVLNLEQREKIGGFETMLLYVDAQTYFIQKAVASDGRGKETTIEFSNLEINPDLEDGQFNFHIGGNAKIINNPLVSEQ,0.37999999999999995,0.38947683572769165
YBV21673.1,YBV21673.1 outer membrane protein transport protein [Leptospira interrogans],MRILFNRIQKSTLPIFIGLGVFISFPSLWAVASNSRNAINARYEGMAGVNFALGGSPMDVALNPANLYLMKGKKIEFGLGMSHAQIRLKDQFLDSDPSLNYTNSKSRTGAGAAPYMAVKLPVTDTIDYGFAAYVFGVVNGAAEKINRNTPTGETVNQWAGLPGIFGDGKRIQETTENQGIFIKAVNGLSIKFGNLSLGASLELNYGAQNRNIRYYDAFGIREIPGQGFHYESRKNALALSGIIGSNYTVTDWFRIAYVYQSSANFPFDGSYTIGVNDPTYYRSTGVSYNFRSPEKHGLGFAVGPENLKVAIDFLYINYGSYLKNARQNLEDPWYPNPQGRSSETIAHLNYRNQWAVLIGLEHKITKEWTYRFGYSYNSPIVSSNALNGAQGILLTLNHVIAGGFSYSSGPWSFDFGASCFIPGRQIEGGKDTDWAISHGIFGPNNQNNIVGYSYSAQALHSIGINFGVTRSFD,0.36,0.4668838083744049
YBV21503.1,YBV21503.1 LA_2444/LA_4059 family outer membrane protein [Leptospira interrogans],MKKRIQSSILFLFVIFLVLFQTNLIGQKNLTESDPNVLEKEANELEIKAGKAQDPITRKRMILEVQKKRKEASELRDKLHEQELSKTPKGTVFEITFLFNQTSWIPESLARRQNVSVNETNTFLYTNGVYQNIDTIARNGSLDAHIINNTGSFYSNPQGNTKTAYPIRFLFLTESKKFGIEATFLDLRIYPSYSSINTNPISNNLNQTYSLYSPELRRTDIQLNFLYFFETGSGTKIGPSLGIRNLDIYSKEYGNLPGGLGFGTMEEKAGGLGPQIGFRIVKKLNHYFQFHANADYFRTLGKYHLKTNGATIYNGAPNFLITETSGSAGENLVKRGGYQIDTGLSFLRTSWLKFTFGFQYTEMRSSVTGYNYNINLLFPDLVGSTVLNTVTKTVDLVTTRPALQKEVIDTYYGFYFGVTFTL,0.5333333333333333,0.4603791832923889
YBV19885.1,YBV19885.1 LA_2444/LA_4059 family outer membrane protein [Leptospira interrogans],MLKKTSYFSIWQKGFKVSIFLIFYILFPSSVLSQAEENKKNTFELLIKRQTYRWTPYDYTSYTERSILETTIKTDSIKQNQKVLIPLVFRYDQLEKKFRIEVSAYEIELANPNTNVIESGTLGYETRKQYFNPMLRSEAELNYYKILNLYPNWDLFVGAGIRNINKYKYGYFLREGAYQEYFYTYGPQFVFRTEYRFAENWSFGLAADLFYTQGTRFYKPQALALESITVSAGTAGAQGIYRGYELDVSLGYRVFDSVKFFVGYNYIYSYFSYYSFHQTDIRLQTSSLDPFISENSSAPILHMFRSGNHDILQGLYLGMSVGF,0.3466666666666667,0.36966946721076965
YBV19776.1,YBV19776.1 outer membrane protein assembly factor [Leptospira interrogans],MIHCKYPGGFSFTLKRIFSPILKGILLAILVGLLFYSGELTQILSKRSDFLGKTIKEVKFKGNKNTPDADLESMIEIKVGKILTKRILDRDLKNLFNSGFFYFVDIQAEDFQDGVRIIFDLKERPIVREIEFVGADEVFPADLRDKLPLKDNEVITPQKITKSRDLILQKYRDEGFFLAYVKVELGKPDPKTNLVRVRFIIDEGEEIPVSKINVYGNESIETSEILSIMEMKEEGVFEGGNFKESSFEKDKDTIVAYLKSKGYLDAELIREGTNWEIHWENPEKKDRRVIIVNIKISEGQVYFFNGYTLNHDMSLDGEGRPLFLNKEKNPPETTKEELKPLFTSKEIEKSLDYSDADVGVIFDETRFMRDRGAMNELYSSRGYLFAQVIPRRKIVSLDRENLEYYENCYSRKSEEERRICENEYSQLHVKRLRQLYNTKPELHGKKFVHVDFNIRENNLAYVENVIIKGNKKTQDRVIRRELLFKQGDLFNSILVNRSRERIFNLGYFKEVNFNMRPGSDQTKMNLIIEVVEQPTGTVSMGGGYGTITGFSIFTEVGENNLNGTGQKISGRLEFGPFRRLFQITWTEPWLYNKPWSLSLSLFYSSRIYNVGAVSITENNNQQSIKEQAIYSRDGVGFTVGIGHRIFINWTHFHRYSPSIYASTNPSSLVSDQVLAEVRRGWQFRSQISNGIAYDIRDNVFNPTQGYDLLFQIDNVGQALGGQSHFDQYRVLAEYYHTWFDYSFFGLFRNNALRRWRVVQEFRSSSLFTYQRVPYYGKQDPIQKPYIQLQDLQFLGGYESLRGWFYNDAKYPAEWRDGAATRMMFGSELRFPIEPTLLWLVAFFDAGALYEEVNRATGVRKDLFETYDQRVREAQMKDPVGYYLANNYNLTALRKADYTFEELNNPANLVLSGNNVALDKFRFSWGVGLRIQIPVLPLRIYFAQKLKYTGVADHPFTKFESDNAFQFVFGIGDYRF,0.45999999999999996,0.4293472170829773
YBV19641.1,YBV19641.1 FlgO family outer membrane protein [Leptospira interrogans],MKYSIFIIFFLLSFLIECASGHRFEKKQTLKSLDVVLQEVSDLLKKQIEVNGKTFSPEKKNTFKLAVLPLFNESGAITILGTTISSRLLSKMYDPGKIVLVEKSQLGRLIDEQSFQKSGLILSNQNLEIGRLSGADLILLGTVQFDDQSFLLQLRVVSLQSGEILAVAESVFDSDDSLYNQYRSVKP,0.38666666666666666,0.41783076524734497
YBV19326.1,YBV19326.1 outer membrane beta-barrel protein [Leptospira interrogans],MRIKTINLVASVFCLLVSSQLLSQTGKKPAADTVAPAPPPSQTIELEEKKWYDQVEFSGFADVYYMYNLNPKQGNDIDSTRAFETSNKNFAVNAVALTIQKAAEKSSPWGFRIDIQNGQNNAFQEAPYSQSNSIYNYNMLKQAYVSLYFPVLKGMTLDVGKMATHIGYEVLESMSNPNYSIGAIFQNTIPFIHTGARLTTQFTDKWAGTFYVYNSGAGTGYNSPATVTTAPFNVITDPTYSGNAAGKSYFVEGQTERKAIGTQIKGQLIEDKLSVTWNTLYSSDGAYARVDPSKAAMATELSSALGDPNIAKYNVTNPARAKYNKDYWFMNHAILSITPTDKITIDLDYTWSEKSGALANNSLDQKRYNVDANTAEVFNKDTLFWGLNNKRDLKTTYKAYGIFAKFKINENWGVNVRAEYIDDKHNNGALTIFNPFMGPNTYLSEFKKLTDAAIADAVVASLAADPNLGPLGITKEQILEVMSDDYKNYGGTRNAGQYKTFTVTPVWNFTENLLIKLDLRRDWATGKQFVDQKGDKTDHQYGMTLGIVAKF,0.36666666666666664,0.43204382061958313
YBV19248.1,YBV19248.1 outer membrane lipoprotein-sorting protein [Leptospira interrogans],MDRILAFTFGFFALVVLSKEINSQGSAIRVAQELVARLDQVLVKSNQGLIKGNLILIRRNGETWNWDVSIFRKEDDTLYLFESSGKGLEYKILIKDEGEQIYIFNALSKKIFRKVDEEKYESHLATGFSFMDLSGASYQANYNPIVQSDLKTADQSFKRVSLKPIIPYFYSKLILLLSLDSLKPTRLDFHDRDGVLFKTMNIKYGPVKVKQNQKTTKEEHANRLEMLDLNTGSVSVLEYIEIDKEVKPDPSLFDLANLNR,0.48666666666666664,0.45361119508743286
YBV19096.1,YBV19096.1 outer membrane protein assembly factor [Leptospira interrogans],MIHCKYPGGFSFTLKRIFSPILKGILLAILVGLLFYSGELTQILSKRSDFLGKTIKEVKFKGNKNTPDADLESMIEIKVGKILTKRILDRDLKNLFNSGFFYFVDIQAEDFQDGVRIIFDLKERPIVREIEFVGADEVFPADLRDKLPLKDNEVITPQKITKSRDLILQKYRDEGFFLAYVKVELGKPDPKTNLVRVRFIIDEGEEIPVSKINVYGNESIETSEILSIMEMKEEGVFEGGNFKESSFEKDKDTIVAYLKSKGYLDAELIREGTNWEIHWENPEKKDRRVIIVNIKISEGQVYFFNGYTLNHDMSLDGEGRPLFLNKEKNPPETTKEELKPLFTSKEIEKSLDYSDADVGVIFDETRFMRDRGAMNELYSSRGYLFAQVIPRRKIVSLDRENLEYYENCYSRKSEEERRICENEYSQLHVKRLRQLYNTKPELHGKKFVHVDFNIRENNLAYVENVIIKGNKKTQDRVIRRELLFKQGDLFNSILVNRSRERIFNLGYFKEVNFNMRPGSDQTKMNLIIEVVEQPTGTVSMGGGYGTITGFSIFTEVGENNLNGTGQKISGRLEFGPFRRLFQITWTEPWLYNKPWSLSLSLFYSSRIYNVGAVSITENNNQQSIKEQAIYSRDGVGFTVGIGHRIFINWTHFHRYSPSIYASTNPSSLVSDQVLAEVRRGWQFRSQISNGIAYDIRDNVFNPTQGYDLLFQIDNVGQALGGQSHFDQYRVLAEYYHTWFDYSFFGLFRNNALRRWRVVQEFRSSSLFTYQRVPYYGKQDPIQKPYIQLQDLQFLGGYESLRGWFYNDAKYPAEWRDGAATRMMFGSELRFPIEPTLLWLVAFFDAGALYEEVNRATGVRKDLFETYDQRVREAQMKDPVGYYLANNYNLTALRKADYTFEELNNPANLVLSGNNVALDKFRFSWGVGLRIQIPVLPLRIYFAQKLKYTGVADHPFTKFESDNAFQFVFGIGDYRF,0.45999999999999996,0.4293472170829773
YBV18532.1,YBV18532.1 outer membrane protein transport protein [Leptospira interrogans],MQKTKIAFRFYFKILFFICIGSISVNSLFGVGVFQPSHNARYAGMAGVNLAIGGSPMDIATNPANLVLNSKGGLEFGIGLPYIRSQYKDRLSDTNPETEYHNSQNYNILAPLPYFGLTLPLTDRLSYGVGIYVPGGGSGQVNGILRLTPNAQSLRDWSGVDIPGPIGDSKKIKEDLSTTFYVVKATNALAYRFGNLSVGMGIEMIYSKQIANQKFYDITHTLEIPGQGFDYRSKNAYSMGGIFGFSYAFTELFRIAYSYQTRSILPLDGGMQIGIGDVNNYRRTGVSATFNLPEKHGLGFSFGNESLKIGLDFLYYNYNSYDQTFKQRLEDPWFPTFLGKTNTITQNIAYHDAWAGAIGIEYKLDSFVYRGGYRYNTGVVRSEGISALQAGIMVQQLATLGLSFLSGKWSFDLAINYLFAKKVTADPGNNWAVLHSAFGPNDIRILNYSQSLQSDVPVILFGASYKFD,0.42666666666666664,0.3806394338607788
YBV18511.1,YBV18511.1 outer membrane lipoprotein carrier protein LolA [Leptospira interrogans],MTRFPRHLILVKKIPGDPVFLMKKTIILSFFILFLALEPSLLAQPAHNWNSPSEVVKQVKKKFSDLNSYKADFQIQTVSNKKSKNMKGVCLYKKGGRIRYQFNEPSGDEIVSDGKTLYIYIARLNAVGKQDLTLNKSNKSGPIFSNFTDEGLSRIFRKYHYKFDSIEQPQTSSKDGRKYFVLNLEQREKIGGFETMLLYVDAQTYFIQKAVASDGRGKETTIEFSNLEINPDLEDGQFNFHIGGNAKIINNPLVSEQ,0.37999999999999995,0.38947683572769165
YBV18097.1,YBV18097.1 outer membrane protein transport protein [Leptospira interrogans],MRILFNRIQKSTLPIFIGLGVFISFPSLWAVASNSRNAINARYEGMAGVNFALGGSPMDVALNPANLYLMKGKKIEFGLGMSHAQIRLKDQFLDSDPSLNYTNSKSRTGAGAAPYMAVKLPVTDTIDYGFAAYVFGVVNGAAEKINRNTPTGETVNQWAGLPGIFGDGKRIQETTENQGIFIKAVNGLSIKFGNLSLGASLELNYGAQNRNIRYYDAFGIREIPGQGFHYESRKNALALSGIIGSNYTVTDWFRIAYVYQSSANFPFDGSYTIGVNDPTYYRSTGVSYNFRSPEKHGLGFAVGPENLKVAIDFLYINYGSYLKNARQNLEDPWYPNPQGRSSETIAHLNYRNQWAVLIGLEHKITKEWTYRFGYSYNSPIVSSNALNGAQGILLTLNHVIAGGFSYSSGPWSFDFGASCFIPGRQIEGGKDTDWAISHGIFGPNNQNNIVGYSYSAQALHSIGINFGVTRSFD,0.36,0.4668838083744049
YBV17892.1,YBV17892.1 LA_2444/LA_4059 family outer membrane protein [Leptospira interrogans],MKKRIQSSILFLFVIFLVLFQTNLIGQKNLTESDPNVLEKEANELEIKAGKAQDPITRKRMILEVQKKRKEASELRDKLHEQELSKTPKGTVFEITFLFNQTSWIPESLARRQNVSVNETNTFLYTNGVYQNIDTIARNGSLDAHIINNTGSFYSNPQGNTKTAYPIRFLFLTESKKFGIEATFLDLRIYPSYSSINTNPISNNLNQTYSLYSPELRRTDIQLNFLYFFETGSGTKIGPSLGIRNLDIYSKEYGNLPGGLGFGTMEEKAGGLGPQIGFRIVKKLNHYFQFHANADYFRTLGKYHLKTNGATIYNGAPNFLITETSGSAGENLVKRGGYQIDTGLSFLRTSWLKFTFGFQYTEMRSSVTGYNYNINLLFPDLVGSTVLNTVTKTVDLVTTRPALQKEVIDTYYGFYFGVTFTL,0.5333333333333333,0.4603791832923889
YBV16310.1,YBV16310.1 LA_2444/LA_4059 family outer membrane protein [Leptospira interrogans],MLKKTSYFSIWQKGFKVSIFLIFYILFPSSVLSQAEENKKNTFELLIKRQTYRWTPYDYTSYTERSILETTIKTDSIKQNQKVLIPLVFRYDQLEKKFRIEVSAYEIELANPNTNVIESGTLGYETRKQYFNPMLRSEAELNYYKILNLYPNWDLFVGAGIRNINKYKYGYFLREGAYQEYFYTYGPQFVFRTEYRFAENWSFGLAADLFYTQGTRFYKPQALALESITVSAGTAGAQGIYRGYELDVSLGYRVFDSVKFFVGYNYIYSYFSYYSFHQTDIRLQTSSLDPFISENSSAPILHMFRSGNHDILQGLYLGMSVGF,0.3466666666666667,0.36966946721076965
YBV12255.1,YBV12255.1 FlgO family outer membrane protein [Leptospira interrogans],MKYSIFIIFFLLSFLIECASGHRFEKKQTLKSLDVVLQEVSDLLKKQIEVNGKTFSPEKKNTFKLAVLPLFNESGAITILGTTISSRLLSKMYDPGKIVLVEKSQLGRLIDEQSFQKSGLILSNQNLEIGRLSGADLILLGTVQFDDQSFLLQLRVVSLQSGEILAVAESVFDSDDSLYNQYRSVKP,0.38666666666666666,0.41783076524734497
YBV11851.1,YBV11851.1 outer membrane lipoprotein-sorting protein [Leptospira interrogans],MDRILAFTFGFFALVVLSKEINSQGSAIRVAQELVARLDQVLVKSNQGLIKGNLILIRRNGETWNWDVSIFRKEDDTLYLFESSGKGLEYKILIKDEGEQIYIFNALSKKIFRKVDEEKYESHLATGFSFMDLSGASYQANYNPIVQSDLKTADQSFKRVSLKPIIPYFYSKLILLLSLDSLKPTRLDFHDRDGVLFKTMNIKYGPVKVKQNQKTTKEEHANRLEMLDLNTGSVSVLEYIEIDKEVKPDPSLFDLANLNR,0.48666666666666664,0.45361119508743286
YBV11295.1,YBV11295.1 outer membrane protein transport protein [Leptospira interrogans],MQKTKIAFRFYFKILFFICIGSISVNSLFGVGVFQPSHNARYAGMAGVNLAIGGSPMDIATNPANLVLNSKGGLEFGIGLPYIRSQYKDRLSDTNPETEYHNSQNYNILAPLPYFGLTLPLTDRLSYGVGIYVPGGGSGQVNGILRLTPNAQSLRDWSGVDIPGPIGDSKKIKEDLSTTFYVVKATNALAYRFGNLSVGMGIEMIYSKQIANQKFYDITHTLEIPGQGFDYRSKNAYSMGGIFGFSYAFTELFRIAYSYQTRSILPLDGGMQIGIGDVNNYRRTGVSATFNLPEKHGLGFSFGNESLKIGLDFLYYNYNSYDQTFKQRLEDPWFPTFLGKTNTITQNIAYHDAWAGAIGIEYKLDSFVYRGGYRYNTGVVRSEGISALQAGIMVQQLATLGLSFLSGKWSFDLAINYLFAKKVTADPGNNWAVLHSAFGPNDIRILNYSQSLQSDVPVILFGASYKFD,0.42666666666666664,0.3806394338607788
YBV11274.1,YBV11274.1 outer membrane lipoprotein carrier protein LolA [Leptospira interrogans],MTRFPRHLILVKKIPGDPVFLMKKTIILSFFILFLALEPSLLAQPAHNWNSPSEVVKQVKKKFSDLNSYKADFQIQTVSNKKSKNMKGVCLYKKGGRIRYQFNEPSGDEIVSDGKTLYIYIARLNAVGKQDLTLNKSNKSGPIFSNFTDEGLSRIFRKYHYKFDSIEQPQTSSKDGRKYFVLNLEQREKIGGFETMLLYVDAQTYFIQKAVASDGRGKETTIEFSNLEINPDLEDGQFNFHIGGNAKIINNPLVSEQ,0.37999999999999995,0.38947683572769165
YBV10874.1,YBV10874.1 outer membrane protein transport protein [Leptospira interrogans],MRILFNRIQKSTLPIFIGLGVFISFPSLWAVASNSRNAINARYEGMAGVNFALGGSPMDVALNPANLYLMKGKKIEFGLGMSHAQIRLKDQFLDSDPSLNYTNSKSRTGAGAAPYMAVKLPVTDTIDYGFAAYVFGVVNGAAEKINRNTPTGETVNQWAGLPGIFGDGKRIQETTENQGIFIKAVNGLSIKFGNLSLGASLELNYGAQNRNIRYYDAFGIREIPGQGFHYESRKNALALSGIIGSNYTVTDWFRIAYVYQSSANFPFDGSYTIGVNDPTYYRSTGVSYNFRSPEKHGLGFAVGPENLKVAIDFLYINYGSYLKNARQNLEDPWYPNPQGRSSETIAHLNYRNQWAVLIGLEHKITKEWTYRFGYSYNSPIVSSNALNGAQGILLTLNHVIAGGFSYSSGPWSFDFGASCFIPGRQIEGGKDTDWAISHGIFGPNNQNNIVGYSYSAQALHSIGINFGVTRSFD,0.36,0.4668838083744049
YBV10666.1,YBV10666.1 LA_2444/LA_4059 family outer membrane protein [Leptospira interrogans],MKKRIQSSILFLFVIFLVLFQTNLIGQKNLTESDPNVLEKEANELEIKAGKAQDPITRKRMILEVQKKRKEASELRDKLHEQELSKTPKGTVFEITFLFNQTSWIPESLARRQNVSVNETNTFLYTNGVYQNIDTIARNGSLDAHIINNTGSFYSNPQGNTKTAYPIRFLFLTESKKFGIEATFLDLRIYPSYSSINTNPISNNLNQTYSLYSPELRRTDIQLNFLYFFETGSGTKIGPSLGIRNLDIYSKEYGNLPGGLGFGTMEEKAGGLGPQIGFRIVKKLNHYFQFHANADYFRTLGKYHLKTNGATIYNGAPNFLITETSGSAGENLVKRGGYQIDTGLSFLRTSWLKFTFGFQYTEMRSSVTGYNYNINLLFPDLVGSTVLNTVTKTVDLVTTRPALQKEVIDTYYGFYFGVTFTL,0.5333333333333333,0.4603791832923889
YBV09064.1,YBV09064.1 LA_2444/LA_4059 family outer membrane protein [Leptospira interrogans],MLKKTSYFSIWQKGFKVSIFLIFYILFPSSVLSQAEENKKNTFELLIKRQTYRWTPYDYTSYTERSILETTIKTDSIKQNQKVLIPLVFRYDQLEKKFRIEVSAYEIELANPNTNVIESGTLGYETRKQYFNPMLRSEAELNYYKILNLYPNWDLFVGAGIRNINKYKYGYFLREGAYQEYFYTYGPQFVFRTEYRFAENWSFGLAADLFYTQGTRFYKPQALALESITVSAGTAGAQGIYRGYELDVSLGYRVFDSVKFFVGYNYIYSYFSYYSFHQTDIRLQTSSLDPFISENSSAPILHMFRSGNHDILQGLYLGMSVGF,0.3466666666666667,0.36966946721076965
YBV08954.1,YBV08954.1 outer membrane protein assembly factor [Leptospira interrogans],MIHCKYPGGFSFTLKRIFSPILKGILLAILVGLLFYSGELTQILSKRSDFLGKTIKEVKFKGNKNTPDADLESMIEIKVGKILTKRILDRDLKNLFNSGFFYFVDIQAEDFQDGVRIIFDLKERPIVREIEFVGADEVFPADLRDKLPLKDNEVITPQKITKSRDLILQKYRDEGFFLAYVKVELGKPDPKTNLVRVRFIIDEGEEIPVSKINVYGNESIETSEILSIMEMKEEGVFEGGNFKESSFEKDKDTIVAYLKSKGYLDAELIREGTNWEIHWENPEKKDRRVIIVNIKISEGQVYFFNGYTLNHDMSLDGEGRPLFLNKEKNPPETTKEELKPLFTSKEIEKSLDYSDADVGVIFDETRFMRDRGAMNELYSSRGYLFAQVIPRRKIVSLDRENLEYYENCYSRKSEEERRICENEYSQLHVKRLRQLYNTKPELHGKKFVHVDFNIRENNLAYVENVIIKGNKKTQDRVIRRELLFKQGDLFNSILVNRSRERIFNLGYFKEVNFNMRPGSDQTKMNLIIEVVEQPTGTVSMGGGYGTITGFSIFTEVGENNLNGTGQKISGRLEFGPFRRLFQITWTEPWLYNKPWSLSLSLFYSSRIYNVGAVSITENNNQQSIKEQAIYSRDGVGFTVGIGHRIFINWTHFHRYSPSIYASTNPSSLVSDQVLAEVRRGWQFRSQISNGIAYDIRDNVFNPTQGYDLLFQIDNVGQALGGQSHFDQYRVLAEYYHTWFDYSFFGLFRNNALRRWRVVQEFRSSSLFTYQRVPYYGKQDPIQKPYIQLQDLQFLGGYESLRGWFYNDAKYPAEWRDGAATRMMFGSELRFPIEPTLLWLVAFFDAGALYEEVNRATGVRKDLFETYDQRVREAQMKDPVGYYLANNYNLTALRKADYTFEELNNPANLVLSGNNVALDKFRFSWGVGLRIQIPVLPLRIYFAQKLKYTGVADHPFTKFESDNAFQFVFGIGDYRF,0.45999999999999996,0.4293472170829773
YBV15973.1,YBV15973.1 FlgO family outer membrane protein [Leptospira interrogans],MKYSIFIIFFLLSFLIECASGHRFEKKQTLKSLDVVLQEVSDLLKKQIEVNGKTFSPEKKNTFKLAVLPLFNESGAITILGTTISSRLLSKMYDPGKIVLVEKSQLGRLIDEQSFQKSGLILSNQNLEIGRLSGADLILLGTVQFDDQSFLLQLRVVSLQSGEILAVAESVFDSDDSLYNQYRSVKP,0.38666666666666666,0.41783076524734497
YBV15427.1,YBV15427.1 outer membrane lipoprotein-sorting protein [Leptospira interrogans],MDRILAFTFGFFALVVLSKEINSQGSAIRVAQELVARLDQVLVKSNQGLIKGNLILIRRNGETWNWDVSIFRKEDDTLYLFESSGKGLEYKILIKDEGEQIYIFNALSKKIFRKVDEEKYESHLATGFSFMDLSGASYQANYNPIVQSDLKTADQSFKRVSLKPIIPYFYSKLILLLSLDSLKPTRLDFHDRDGVLFKTMNIKYGPVKVKQNQKTTKEEHANRLEMLDLNTGSVSVLEYIEIDKEVKPDPSLFDLANLNR,0.48666666666666664,0.45361119508743286
YBV14933.1,YBV14933.1 outer membrane protein transport protein [Leptospira interrogans],MQKTKIAFRFYFKILFFICIGSISVNSLFGVGVFQPSHNARYAGMAGVNLAIGGSPMDIATNPANLVLNSKGGLEFGIGLPYIRSQYKDRLSDTNPETEYHNSQNYNILAPLPYFGLTLPLTDRLSYGVGIYVPGGGSGQVNGILRLTPNAQSLRDWSGVDIPGPIGDSKKIKEDLSTTFYVVKATNALAYRFGNLSVGMGIEMIYSKQIANQKFYDITHTLEIPGQGFDYRSKNAYSMGGIFGFSYAFTELFRIAYSYQTRSILPLDGGMQIGIGDVNNYRRTGVSATFNLPEKHGLGFSFGNESLKIGLDFLYYNYNSYDQTFKQRLEDPWFPTFLGKTNTITQNIAYHDAWAGAIGIEYKLDSFVYRGGYRYNTGVVRSEGISALQAGIMVQQLATLGLSFLSGKWSFDLAINYLFAKKVTADPGNNWAVLHSAFGPNDIRILNYSQSLQSDVPVILFGASYKFD,0.42666666666666664,0.3806394338607788
YBV14912.1,YBV14912.1 outer membrane lipoprotein carrier protein LolA [Leptospira interrogans],MTRFPRHLILVKKIPGDPVFLMKKTIILSFFILFLALEPSLLAQPAHNWNSPSEVVKQVKKKFSDLNSYKADFQIQTVSNKKSKNMKGVCLYKKGGRIRYQFNEPSGDEIVSDGKTLYIYIARLNAVGKQDLTLNKSNKSGPIFSNFTDEGLSRIFRKYHYKFDSIEQPQTSSKDGRKYFVLNLEQREKIGGFETMLLYVDAQTYFIQKAVASDGRGKETTIEFSNLEINPDLEDGQFNFHIGGNAKIINNPLVSEQ,0.37999999999999995,0.38947683572769165
YBV14497.1,YBV14497.1 outer membrane protein transport protein [Leptospira interrogans],MRILFNRIQKSTLPIFIGLGVFISFPSLWAVASNSRNAINARYEGMAGVNFALGGSPMDVALNPANLYLMKGKKIEFGLGMSHAQIRLKDQFLDSDPSLNYTNSKSRTGAGAAPYMAVKLPVTDTIDYGFAAYVFGVVNGAAEKINRNTPTGETVNQWAGLPGIFGDGKRIQETTENQGIFIKAVNGLSIKFGNLSLGASLELNYGAQNRNIRYYDAFGIREIPGQGFHYESRKNALALSGIIGSNYTVTDWFRIAYVYQSSANFPFDGSYTIGVNDPTYYRSTGVSYNFRSPEKHGLGFAVGPENLKVAIDFLYINYGSYLKNARQNLEDPWYPNPQGRSSETIAHLNYRNQWAVLIGLEHKITKEWTYRFGYSYNSPIVSSNALNGAQGILLTLNHVIAGGFSYSSGPWSFDFGASCFIPGRQIEGGKDTDWAISHGIFGPNNQNNIVGYSYSAQALHSIGINFGVTRSFD,0.36,0.4668838083744049
YBV14345.1,YBV14345.1 LA_2444/LA_4059 family outer membrane protein [Leptospira interrogans],MKKRIQSSILFLFVIFLVLFQTNLIGQKNLTESDPNVLEKEANELEIKAGKAQDPITRKRMILEVQKKRKEASELRDKLHEQELSKTPKGTVFEITFLFNQTSWIPESLARRQNVSVNETNTFLYTNGVYQNIDTIARNGSLDAHIINNTGSFYSNPQGNTKTAYPIRFLFLTESKKFGIEATFLDLRIYPSYSSINTNPISNNLNQTYSLYSPELRRTDIQLNFLYFFETGSGTKIGPSLGIRNLDIYSKEYGNLPGGLGFGTMEEKAGGLGPQIGFRIVKKLNHYFQFHANADYFRTLGKYHLKTNGATIYNGAPNFLITETSGSAGENLVKRGGYQIDTGLSFLRTSWLKFTFGFQYTEMRSSVTGYNYNINLLFPDLVGSTVLNTVTKTVDLVTTRPALQKEVIDTYYGFYFGVTFTL,0.5333333333333333,0.4603791832923889
YBV12654.1,YBV12654.1 LA_2444/LA_4059 family outer membrane protein [Leptospira interrogans],MLKKTSYFSIWQKGFKVSIFLIFYILFPSSVLSQAEENKKNTFELLIKRQTYRWTPYDYTSYTERSILETTIKTDSIKQNQKVLIPLVFRYDQLEKKFRIEVSAYEIELANPNTNVIESGTLGYETRKQYFNPMLRSEAELNYYKILNLYPNWDLFVGAGIRNINKYKYGYFLREGAYQEYFYTYGPQFVFRTEYRFAENWSFGLAADLFYTQGTRFYKPQALALESITVSAGTAGAQGIYRGYELDVSLGYRVFDSVKFFVGYNYIYSYFSYYSFHQTDIRLQTSSLDPFISENSSAPILHMFRSGNHDILQGLYLGMSVGF,0.3466666666666667,0.36966946721076965
YBV12527.1,YBV12527.1 outer membrane protein assembly factor [Leptospira interrogans],MIHCKYPGGFSFTLKRIFSPILKGILLAILVGLLFYSGELTQILSKRSDFLGKTIKEVKFKGNKNTPDADLESMIEIKVGKILTKRILDRDLKNLFNSGFFYFVDIQAEDFQDGVRIIFDLKERPIVREIEFVGADEVFPADLRDKLPLKDNEVITPQKITKSRDLILQKYRDEGFFLAYVKVELGKPDPKTNLVRVRFIIDEGEEIPVSKINVYGNESIETSEILSIMEMKEEGVFEGGNFKESSFEKDKDTIVAYLKSKGYLDAELIREGTNWEIHWENPEKKDRRVIIVNIKISEGQVYFFNGYTLNHDMSLDGEGRPLFLNKEKNPPETTKEELKPLFTSKEIEKSLDYSDADVGVIFDETRFMRDRGAMNELYSSRGYLFAQVIPRRKIVSLDRENLEYYENCYSRKSEEERRICENEYSQLHVKRLRQLYNTKPELHGKKFVHVDFNIRENNLAYVENVIIKGNKKTQDRVIRRELLFKQGDLFNSILVNRSRERIFNLGYFKEVNFNMRPGSDQTKMNLIIEVVEQPTGTVSMGGGYGTITGFSIFTEVGENNLNGTGQKISGRLEFGPFRRLFQITWTEPWLYNKPWSLSLSLFYSSRIYNVGAVSITENNNQQSIKEQAIYSRDGVGFTVGIGHRIFINWTHFHRYSPSIYASTNPSSLVSDQVLAEVRRGWQFRSQISNGIAYDIRDNVFNPTQGYDLLFQIDNVGQALGGQSHFDQYRVLAEYYHTWFDYSFFGLFRNNALRRWRVVQEFRSSSLFTYQRVPYYGKQDPIQKPYIQLQDLQFLGGYESLRGWFYNDAKYPAEWRDGAATRMMFGSELRFPIEPTLLWLVAFFDAGALYEEVNRATGVRKDLFETYDQRVREAQMKDPVGYYLANNYNLTALRKADYTFEELNNPANLVLSGNNVALDKFRFSWGVGLRIQIPVLPLRIYFAQKLKYTGVADHPFTKFESDNAFQFVFGIGDYRF,0.45999999999999996,0.4293472170829773
YBO63699.1,"YBO63699.1 outer membrane protein, partial [Leptospira interrogans]",KSSFVLSEDTIPGTNETVKTLLPYGSVINYYGYVKPGQAPDGLVDGNKKAYYLYVWIPAVIAEMGVRMISPTGEIGEPGDGDLVSDAFKAATPEEKSMPHWFDTWIRVERMSAIMPDQIAKAAKAKPVQKLD,0.3533333333333333,0.49594739079475403
YBO63698.1,"YBO63698.1 outer membrane protein, partial [Leptospira interrogans]",KSSFVLSEDTIPGTNETVKTLLPYGSVINYYGYVKPGQAPDGLVDGNKKAYYLYVWIPAVIAEMGVRMISPTGEIGEPGDGDLVSDAFKAATPEEKSMPHWFDTWIRVERMSAIMPDQIAKAAKAKPVQKLD,0.3533333333333333,0.49594739079475403
YBO63697.1,"YBO63697.1 outer membrane protein, partial [Leptospira interrogans]",KSSFVLSEDTIPGTNETVKTLLPYGSVINYYGYVKPGQAPDGLVDGNKKAYYLYVWIPAVIAEMGVRMISPTGEIGEPGDGDLVSDAFKAATPEEKSMPHWFDTWIRVERMSAIMPDQIAKAAKAKPVQKLD,0.3533333333333333,0.49594739079475403
YBO63696.1,"YBO63696.1 outer membrane protein, partial [Leptospira interrogans]",KSSFVLSEDTIPGTNETVKTLLPYGSVINYYGYVKPGQAPDGLVDGNKKAYYLYVWIPAVIAEMGVRMISPTGEIGEPGDGDLVSDAFKAATPEEKSMPHWLDTWIRVERMSAIMPDQIAKAAKAKPVQKLD,0.3533333333333333,0.49980220198631287
YBO63695.1,"YBO63695.1 outer membrane protein, partial [Leptospira interrogans]",KSSFVLSEDTIPGTNETVKTLLPYGSVINYYGYVKPGQAPDGLVDGNKKAYYLYVWIPAVIAEMGVRMISPTGEIGEPGDGDLVSDAFKAATPEEKSMPHWFDTWIRVERMSAIMPDQIAKAAKAKPVQKLD,0.3533333333333333,0.49594739079475403
YBO63694.1,"YBO63694.1 outer membrane protein, partial [Leptospira interrogans]",KSSFVLSEDTIPGTNETVKTLLPYGSVINYYGYVKPGQAPDGLVDGNKKAYYLYVWIPAVIAEMGVRMISPTGEIGEPGDGDLVSDAFKAATPEEKSMPHWFDTWIRVERMSAIMPDQIAKAAKAKPVQKLD,0.3533333333333333,0.49594739079475403
YBO63693.1,"YBO63693.1 outer membrane protein, partial [Leptospira interrogans]",KSSFVLSEDTIPGTNETVKTLLPYGSVINYYGYVKPGQAPDGLVDGNKKAYYLYVWIPAVIAEMGVRMISPTGEIGEPGDGDLVSDAFKAATPEEKSMPHWFDTWIRVERMSAIMPDQIAKAAKAKPVQKLD,0.3533333333333333,0.49594739079475403
YBO63692.1,"YBO63692.1 outer membrane protein, partial [Leptospira interrogans]",KSSFVLSEDTIPGTNETVKTLLPYGSVINYYGYVKPGQAPDGLVDGNKKAYYLYVWIPAVIAEMGVRMISPTGEIGEPGDGDLVSDAFKAATPEEKSMPHWFDTWIRVERMSAIMPDQIAKAAKAKPVQKLD,0.3533333333333333,0.49594739079475403
YBO63691.1,"YBO63691.1 outer membrane protein, partial [Leptospira interrogans]",KSSFVLSEDTIPGTNETVKTLLPYGSVINYYGYVKPGQAPDGLVDGNKKAYYLYVWIPAVIAEMGVRMISPTGEIGEPGDGDLVSDAFKAATPEEKSMPHWFDTWIRVERMSAIMPDQIAKAAKAKPVQKLD,0.3533333333333333,0.49594739079475403
YBO63690.1,"YBO63690.1 outer membrane protein, partial [Leptospira interrogans]",KSSFVLSEDTIPGTNETVKTLLPYGSVINYYGYVKPGQAPDGLVDGNKKAYYLYVWIPAVIAEMGVRMISPTGEIGEPGDGDLVSDAFKAATPEEKSMPHWFDTWIRVERMSAIMPDQIAKAAKAKPVQKLD,0.3533333333333333,0.49594739079475403
YBO63689.1,"YBO63689.1 outer membrane protein, partial [Leptospira interrogans]",KSSFVLSEDTIPGTNETVKTLLPYGSVINYYGYVKPGQAPDGLVDGNKKAYYLYVWIPAVIAEMGVRMISPTGEIGEPGDGDLVSDAFKAATPEEKSMPHWFDTWIRVERMSAIMPDQIAKAAKAKPVQKLD,0.3533333333333333,0.49594739079475403
YBO63688.1,"YBO63688.1 outer membrane protein, partial [Leptospira interrogans]",KSSFVLSEDTIPGTNETVKTLLPYGSVINYYGYVKPGQAPDGLVDGNKKAYYLYVWIPAVIAEMGVRMISPTGEIGEPGDGDLVSDAFKAATPEEKSMPHWFDTWIRVERMSAIMPDQIAKAAKAKPVQKLD,0.3533333333333333,0.49594739079475403
YBO63687.1,"YBO63687.1 outer membrane protein, partial [Leptospira interrogans]",KSSFVLSEDTIPGTNETVKTLLPYGSVINYYGYVKPGQAPDGLVDGNKKAYYLYVWIPAVIAEMGVRMISPTGEIGEPGDGDLVSDAFKAATPEEKSMPHWFDTWIRVERMSAIMPDQIAKAAKAKPVQKLD,0.3533333333333333,0.49594739079475403
YBG73667.1,"YBG73667.1 outer membrane lipoprotein, partial [Leptospira interrogans]",LAEMGVRMISPTGEIGEPGDGDLVSDAFKAATPEEKSMPHWFDTWIRVERMSAIMPDQIAKAAKAKPVQKLDDDDDGDDTYKEERHNKYNSLTRIKIPNPPKSFDDLKNIDTKKLLVRGLYRISFTTYKPGEVKGSFVASVG,0.58,0.3804486393928528
YBG73666.1,"YBG73666.1 outer membrane lipoprotein, partial [Leptospira interrogans]",LAEMGVRMISPTGEIGEPGDGDLVSDAFKAATPEEKSMPHWFDTWIRVERMSAIMPDQIAKAAKAKPVQKLDDDDDGDDTYKEERHNKYNSLTRIKIPNPPKSFDDLKNIDTKKLLVRGLYRISFTTYKPGEVKGSFVASVG,0.58,0.3804486393928528
YBG73665.1,"YBG73665.1 outer membrane lipoprotein, partial [Leptospira interrogans]",AEMGVRMISPTGEIGEPGDGDLVSDAFKAATPEEKSMPHWFDTWIRVERMSAIMPDQIAKAAKAKPVQKLDDDDDGDDTYKEERHNKYNSLTRIKIPNPPKSFDDLKNIDTKKLLVRGLYRISFTTYKPGEVKGSFVASVG,0.58,0.46899574995040894
WP_427381232.1,WP_427381232.1 YfeK family protein [Leptospira interrogans],MFLFCISIIAENDSNFRNDLNSLMNVLESCECKFIRNGSEHDPKKAREHMERKLKAVDGKIHTIQEFIDHIGSKSSVSGKPYFVKFADGKTVESRVWLKEKWEEIVNKKSNSSKSIQNRRN,0.5533333333333333,0.4739328622817993
WP_434940905.1,WP_434940905.1 tetratricopeptide repeat protein [Leptospira interrogans],MNLKRIFIFFLLLCQLHCATFTGTLVNKWVKDYYESTNITGVGIGLAGDGAISVYMGVQFGLAFGLAYAAATIVALPFIFFGLLQPLKVQPVLYFPIFSNDGKDLRGLLQHVPHVIPFYIRPIVIPSHPKESIERELAKSFFSSVYFNFDFLYSFQYLNSISTSKILEHTSIEEIRNDMSRFRKLFNEDFVFISEAHLKFGECKLEKISYKEIMKFEERLLSRPVYPREKEDQEETGLMEVQVEIKTYLVDFKNQKIRSFEISETERGYNDFGQRACPDPIRAGKMALKNVGLSHTRKIFPQWKETKLNLIRNDSDPNVQKLLEEGFQYFGRGDDENHEIFLIKPEALEVWKLALAQSGNRSEGAFANIAYYYLNNGYLEEAIDWFRKAAVANPDREKFWNLRIKDILHKREQVEVYNDLNN,0.4333333333333333,0.3749518096446991
WP_444718627.1,"WP_444718627.1 Omp85 family outer membrane protein, partial [Leptospira interrogans]",DIVYFRAGIAYDTRDFEPDPDRGILAELNVANVSKRTGSDFNYNKIFFQTKYFYKILPDVFEELVFATRVALGYTSSGAPFSEVRYMWSLDGPMTGIGGLQTMRGYRQDRFVAPVVGFGSAEFRWRFATFKIFDELFTLSLVPFVDVGRVWDSEKRINLQGYKHSWGSGFRIIWNQATVILIDFAKSKEDSQMFVDFSHAF,0.38666666666666666,0.3700942397117615
WP_444718626.1,"WP_444718626.1 Omp85 family outer membrane protein, partial [Leptospira interrogans]",MNRIFRNWNWIGLWILIWSLFPIFGEGLRNLPEARIPLDEGKKLEPSELAEKKEGWYVTAIPLLSSDPVRGQGGGIRASLFFNGKKTDLYYEYEAYRSKLTLQLFQTNQGVKNHFIQFDSPYILNTAFRWKSSLSLDYNPNSQYFGIGESSLQSLSYSPRNLSGIGRVGNANFDAYETSQSYIRPSRTGSEITPTVSDQGYNQYLFNSTTFFNGIDYTFWKAWKWVVANEISRNIIGHSDGVWHPSKDPYFAGSIWETPVPNGESKLTEDYRAGKIRGYNGGDIVYFRAGIAYDTRDFEP,0.48,0.4662669599056244
WP_444716739.1,"WP_444716739.1 Omp85 family outer membrane protein, partial [Leptospira interrogans]",ESKLTEDYRAGKIRGYNGVDIIYFRAGIAYDTRDFEPDPDRGILAELNVANVSKRTGSDFNYNKIFFQTKYFYKILPDVFEELVFATRVALGYTSSGAPFSEVRYMWSLDGPMTGIGGLQTMRGYRQDRFVAPVVGFGSAEFRWRFATFKIFDELFTLSLVPFVDVGRVWDSEKRINLQGYKHSWGSGFRIIWNQATVILIDFAKSKEDSQMFVDFSHAF,0.38666666666666666,0.3590361475944519
WP_444716592.1,"WP_444716592.1 POTRA domain-containing protein, partial [Leptospira interrogans]",MIHCKYPGGFSFTLKRIFSPILKGILLAILVGLLFYSGELTQILSKRSDFLGKTIKEVKFKGNKNTPDADLESMIEIKVGKILTKRILDRDLKNLFNSGFFYFVDIQAEDFQDGVRIIFDLKERPRVREIEFVGADEVFPADLRDKLPL,0.4133333333333333,0.42541471123695374
WP_444716567.1,"WP_444716567.1 adhesin OmpL37 family surface protein, partial [Leptospira interrogans]",SLGQKAIRETETKPKKHLEMAYRELSAAEQKKIISDNTRPYLQPIKLELLYESLKLLKQSRKYVVLLSMKYLSDFPPDPETEDFTGILNEINRAMFSRKDEFAKIHFDNHFHTYSGENLYDSYWQAPALEELEKPLGEIDSAYSRARRNAKR,0.44,0.429552286863327
WP_444716173.1,WP_444716173.1 porin OmpL1 [Leptospira interrogans],MIRNISKALLILAVALSSAASLSAKTYAIVGFGLQLDLGQLGGTITKDGLDAASYYGPVRSTDTCTVGPNDPTCVQNPGKPTGEGNYLGVAPRKAIPAENKLITLDRTTGGLINARSTKGAMVGGNLMVGYESDFGKYFFWRVAAEYTQKISGGITKADIAGYNIVDMTWGFSSIVIPATVGIKLNVTEDAAIYMGAGLNYFNGGWSLNGSNNLKGGHDILAAAGAGSVANLIADGTDPVITREHVRFRTSGIAPNFLIGTQARVTDKGHVFLELETIMSAAYAVGKTQSAGGATNLSPFPAYPIVVGGQIYRFGYKHEL,0.36666666666666664,0.3727447986602783
WP_444716096.1,"WP_444716096.1 Omp85 family outer membrane protein, partial [Leptospira interrogans]",DIVYFRAGIAYDTRDFEPDPDRGILAELNVANVSKRTGSDFNYNKIFFQTKYFYKILPDVFKELVFATRVALGYTSSGAPFSEVRYMWSLDGPMTGIGGLQTMRGYRQDRFVAPVVGFGSAEFRWRFATFKIFDELFTLSLVPFVDVGRVWDSEKRINLQGYKHSWGSGFRIIWNQATVILIDFAKSKEDSQMFVDFSHAF,0.38666666666666666,0.3700122833251953
WP_444711930.1,"WP_444711930.1 fimbria/pilus outer membrane usher protein, partial [Leptospira interrogans]",ALQTREVVANGYDPNSIWRSKNRFNVSFNQGLPEKWGSLFVSATLENYWNSDKKGYNKQYQIGYSNNWKRMNYSINVGRSKTNDGRDQTSWYFNVSFPLWESWETQAPYFSLNYNQDNNGGKSEQAMLSGSMGKDGKYNYNLTASHDQGGTSGNISGGMTGSIATVNGGYSTGSGYHSMSLGLSGALVAHSGGVTFTPYNSDTYALVEAKNAKGAKLSGYAGTSVDSFGYALFPSLSAYQMNQVAIDPEGSSLDVEFDNTAQRIAPRAGA,0.3133333333333333,0.5576648116111755
WP_444711877.1,"WP_444711877.1 Rz-like lysis system protein LysB, partial [Leptospira interrogans]",MKTLFILLALAVLALLWMRHENTMLQASFDKANRVASEQKTLAGMLKNQLRVATDRADKNELAQVDMRQKLAAATQREAEREKTIKRLLNENDEFRRWYGALLPDAVRRL,0.42,0.4531433582305908
WP_444711868.1,"WP_444711868.1 TolC family protein, partial [Leptospira interrogans]",PEMVEANYSQRISALETRKAIAKLLPGIELSVGQSYDSNKFLTNNAWGYAGLRVSWNLLNLFNAGPITKAAEAEKQVNDAQRLALSMAVLTQVNIAWLDYEGKTKQFELERQLNTVDQTIYEQTRHAVESGASARLQGILADANAVYSSLRLYQSYGALQNAYGQMGASLGLDPLPEDTRGYDIASLDQAFKGVTARVNKQMAGDKQ,0.3466666666666667,0.626081109046936
WP_444711700.1,"WP_444711700.1 LIC_11051 family fibronectin-binding protein, partial [Leptospira interrogans]",SSSKYSKILKNTDWENLAGDIFDSVYKYWEELNQKEKSPIGIFDIRWDDASTDYCIEFDYDLESNDPKNSMEEGAIRNVPVVDFSNFIKNQLKQKPEKIREVLEDEDFSLIKDILCKLTQEVIIQTLKAEVFKQIPKQQPYFLMFSYYHDEDASVFFDSNAKEQKNLYSILKISKSSLFKYFLSGEQSLIISNVSEIDLTDINLFENLKNFNISNCENIISLQSLSELKNIQSISIKGAKLSEFPDFLLNLPSLKSLYLTNSNLSIENKISIFNSSQLELLCLNANSLTTIPEFVFQLPQLKKLLFMDNQLTELPDRLADLKFLRNLNLSGNKITQISNLTKEFSEIIELGLFDNRLTSLDGICRFPKLNELLIWGNELETISPEIFNLKNLTRIDTTKNKISSFPNIGITLESVTNLSLSNNQLTQIPEGLTQFPNLKSLGLDDNLLKELPDDLFKNFQKLETLALSNNRLSNLPKSISQLESLKNIYLKNNQFIQIPEILKELKKLKDVSLSGNQISELPEFLSEMTALRELKIGNNPIAQNPESVETKMKEINSKVVLYLS,0.48666666666666664,0.457611083984375
WP_444711374.1,WP_444711374.1 Omp85 family outer membrane protein [Leptospira interrogans],MNRIFRNWNWIGLWILIWSLFPIFGEGLRNLPEARIPLDEGKKLEPGELAEKKEGWYVTAIPLLSSDPVRGQGGGIRASLFFNGKKTDLYYEYEAYRSKLTLQLFQTNQGVKNHFIQFDSPYILNTAFRWKSSLSLDYNPNSQYFGIGESSLQSLSYSPRNLSGIGRVGNANFDAYETSQSYIRPSRTGSEITPTVSDQGYNQYLFNSTTFFNGIDYTFWKAWKWVVANEISRNIIGHSDGVWHPSKDPYFAGSIWETPVPNGESKLTEDYRAGKIRGYNGVDIIYFRAGIAYDTRDFEPDPDRGILAELNVANVSKRTGSDFNYNKIFFQTKYFYKILPDVFEELVFATRVALGYTSSGAPFSEVRYMWSLDGPMTGIGGLQTMRGYRQDRFVAPVVGFGSAEFRWRFATFKIFDELFTLSLVPFVDVGRVWDSEKRINLQGYKHSWGSGFRIIWNQATVILIDFAKSKEDSQMFVDFSHAF,0.48,0.4550383388996124
WP_444711365.1,WP_444711365.1 endostatin-like outer membrane protein LenB [Leptospira interrogans],MFKNIFLIFLTGSVVCILWSCGDKKEEDNSDLLLFLLNSLGSSNSAASTVVTSCKDASFCRTFVATNNGAGYDGNLGGISGADAKCAAAKSSNLTGTYKALLAAMGTREAVFVGDGSTRLVDWVLYPNKQYRRSDGTTTTFTTNANSVVTANLQNSVDVGAEKFYWIGVGNQPATFDWEVSLNCNDWNSNNAVNFAIDGTTSSNEVFAVDGATPGGAFGSHNTGCNIRLNLLCVEQ,0.38666666666666666,0.4015967845916748
WP_444706956.1,"WP_444706956.1 endostatin-like outer membrane protein LenB, partial [Leptospira interrogans]",DKKEEDNSDLFLFLLNSLGSSNSAASNVVTSCKDASFCRTFVATNNGAGYDGNLGGISGADAKCAAAKSSNLTGTYKALFAAMGTREAVFVGDGSIDWILYPNKQYRRSDGTTTTFTTNANSVVTANLQNSVDGGAEKFYWIGVGNQPATFDWEVSLNCNDWNSNNAVNFAIDGTGASNEVFA,0.3466666666666667,0.40206241607666016
WP_444706617.1,"WP_444706617.1 endostatin-like outer membrane lipoprotein LenC, partial [Leptospira interrogans]",SGQNLQSAFPEGYIPYIFNTTSSLGAEHIGDFEGISGADAYCQSHIPSNIPTGIYKAMIVDGVNRVATMVGPNSTVGQKDWVFLPNQQYRRAEDGAFVMTTNSSGMIDFSNGAELNNPISKVATAAQWTGLNSNWTARLSSGGIPLNCGSWNSPGSRGVIGVSTRTDSEMLIAVNSMYQYEPYCYYSYVYGPYKLGLVCVEQSTTPKYIFVTSSTEEWHDGNFGGIAGADAYCQSQVPTNLPSGGIYKAMLVDGVNRVATTVGPNSTVGQKDWVLRGIQKYIRAEDGATIMITNSSGMVDLTYVGSSLENSFSQIAAAQWTGLNSDWTTWKSAGVPVTCNTWNTSKIDRYGVYGMSNSKDSNALKGESSGTFVTSCSNKFTSYGNYRLGLVCVEQ,0.3333333333333333,0.3484381437301636
WP_444706573.1,WP_444706573.1 Omp85 family outer membrane protein [Leptospira interrogans],MNRIFRNWNWIGLWILIWSLFPIFGEGLRNLPEARIPLDEGKKLEPGELAEKKEGWYVTAIPLLSSDPVRGQGGGIRASLFFNGKKTDLYYEYEAYRSKLTLQLFQTNQGVKDHFIQFDSPYILNTAFRWKSSLSLDYNPNSQYFGIGESSLQSLSYSPRNLSGIGRVGNANFDAYETSQSYIRPSRTGSEITPTVSDQGYNQYLFNSTTFFNGIDYTFWKAWKWVVANEISRNIIGHSDGVWHPSKDPYFGGSIWETPVPNGESKLTEDYRAGKIRGYNGGDIIYFRAGIAYDTRDFEPDPDRGILAELNVANVSKRTGSDFNYNKIFFQTKYFYKILPDVFEELVFATRVALGYTSSGAPFSEVRYMWSLDGPMTGIGGLQTMRGYRQDRFVAPVVGFGSAELRWRFATFKIFDELFTLSLVPFVDVGRVWDSEKRINLQGYKHSWGGGFRIIWNQATVILIDFAKSKEDSQMFVDFSHAF,0.48,0.45539119839668274
WP_444706186.1,"WP_444706186.1 adhesin OmpL37 family surface protein, partial [Leptospira interrogans]",SDVIESSRKTIRGELDSLGQKAIRETETKPKKHLEMAYRELSAAEQKKIISDNTRPYLQPIKLELLYESLKLLKQSRKYVVLLSMKYLSDFPPDPETEDFTGILNEINRAMFSRKDEFAKIHFDNHFHTYSGENLYDSYWQDPALEELEKPLGEIDSAYSRARRNAKR,0.44,0.39805418252944946
WP_228007575.1,"WP_228007575.1 YfeK family protein, partial [Leptospira interrogans]",KLTCVFAVLFFISTSAEESSDFRNDLNSLMVGFQTCECKFVRNGVEHDPKEARAHMEKKLKAVEGRIQTIQEFIDYIGSKSSISGKPYLVKFADGKTKESGVWLKEKWNEILRERNSSIKSIRKKKN,0.48666666666666664,0.420931875705719
WP_137108663.1,WP_137108663.1 MULTISPECIES: YfeK family protein [Leptospira],MIRKLIFFSIFLFCISIIAENDSNFRNDLNSLMNVLESCECKFIRNGSEHDPKEAREHMERKLKTVDGKIHTIQEFIDHIGSKSSVSGKPYFVKFADGKTVESRVWLKEKWEEIVNKKSNSSKSIQNRRN,0.5533333333333333,0.4319422245025635
WP_444718698.1,WP_444718698.1 OmpP1/FadL family transporter [Leptospira interrogans],MRILFNRIQKSTLPIFIGLGVFISFPSLWAVASNSRNAINARYEGMAGVNFALGGSPMDVALNPANLYLMKGKKIEFGLGMSHAQIRLKDQFLDSDPSLNYTNSKSRTGAGAAPYMAVKLPVTDTIDYGFAAYVFGVVNGAAEKINRNTPTVETVNQWAGLPGIFGDGKRIQETTENQGIFIKAVNGLSIKFGNLSLGASLELNYGAQNRNIRYYDAFGIREIPGQGFHYESRKNALALSGIIGSNYTVTDWFRIAYVYQSSANFPFDGSYTIGVNDPTYYRSTGVSYNFRSPEKHGLGFAVGPENLKVAIDFLYINYGSYLKNARQNLEDPWYPNPQGRSSETIAHLNYRNQWAVLIGLEHKITKEWTYRFGYSYNSPIVSSNALNGAQGILLTLNHVIAGGFSYSSGPWSFDFGASCFIPGRQIEGGKDTDWAISHGIFGPNNQNNIVGYSYSAQALHSIGINFGVTRSFD,0.36,0.46681511402130127
WP_444716727.1,"WP_444716727.1 carboxypeptidase-like regulatory domain-containing protein, partial [Leptospira interrogans]",MKHKILSLFFFLSLITSPVLGQSTGKLVGKIVDSESGDPVFGTVIIVRSIKAATRSDFDGKYELNLPPGEHSVEFQMIGFATQFKKITISPGARVSMNVVMGAQVLDTVEVKGRGLENSESALLALQRKSGVVYDAISEEAIKKSPDSSAGD,0.39999999999999997,0.43852242827415466
WP_444716726.1,"WP_444716726.1 TonB-dependent receptor domain-containing protein, partial [Leptospira interrogans]",DAISEEAIKKSPDSSAGDVLRRVTGITLVGGRFIFVRGLGERYSNTILNDSVIPSPEPDKRIVPLDLFPAGVIKNIRVIKTASAEDSAEFSGGIVKIETKEYPDTLSLSVSLGVGKNTQVAGHKFKTFDTGEMNNNFGLVSKKQELPDMISGLPKAIPFVEGDRFGGIPTNLMKVGALSFNQEWSPKEEDSPFNKSFSISAGNSFKTEKWGRFGILAGTTYNRSYNYREEANARFQASNPISIYLKDSNMLRPLNQNNLKIYGEEVLWGNNLNLAYEPKIGQQFFIKTLYSVQSDKIVREGDGANYIDNFNFKSTNLNFISRTIFNNTLGGEHEVRAFSARPHKVEWNVNYALAERDEPDARNQAWSQGGTDLANGYRRLGNNPDGTRYFSSTADTVRSQSLKYEIPFNQWDGLQSKLKFGISNLDRFKHFEFREIAQRNFTGSDRDVIYPIPGEVIYNPLAYANGNRKIYERASGNNAYDASQALRAAFAQLEVPILAKLKSIVGVRYEDSYQKTKTYDLKNSWNGFNTSYGCKTNSEEERLLLVRANICDATNVGIGELRTKDKLPSANVVWEFAKDMNLRLGYSQTLTRPDLRELSPFGFAAYFQADRIFGNASLQRTYIHNYDLRWEYYITNTDYIGVGAFFKNLSNPIELIGLPVAGSASLVYKYANAQQATIRGIELDYRKELLWWLRVEANVFFIKSRVDVIDSKIYGLISTGQVDPLSTYAAYSPTTLNRPLQGQSDFVANLKVDVFVSKSKKHNIGFYYNYFSDRIALVGSDGVPNAIQKGTGTSDVVYTYRHNDRLDFRSSVRNVMNTQFKITQTDPLTGQEYVFQKYRTGLDVSFSATYKL,0.4133333333333333,0.39076563715934753
WP_444716591.1,"WP_444716591.1 BamA/OMP85 family outer membrane protein, partial [Leptospira interrogans]",FVGADEVFPADLRDKLPLKDNEVITPQEITKSRDLILQKYRDEGFFLAYVKVELGKPDPKTNLVRVRFIIDEGEEIPVSKINVYGNESIETSEILSIMEMKEEGVFEGGNFKESSFEKDKDTIVAYLKSKGYLDAELIREGTNWEIHWENPEKKDRRVIIVNIKISEGQVYFFNGYTLNHDMSLDGEGRPLFLNKEKNPPETTKEELKPLFTSKEIEKSLDYSDADVGVIFDETRFMRDRGAMNELYSSRGYLFAQVIPRRKIVSLDRENLEYYENCYSRKSEEERRICENEYSQLHVKRLRQLYNTKPELHGKKFVHVDFNIRENNLAYVENVIIKGNKKTQDRVIRRELLFKQGDLFNSILVNRSRERIFNLGYFKEVNFNMRPGSDQTKMNLIIEVVEQPTGTVSMGGGYGTITGFSIFTEVGENNLNGTGQKISGRLEFGPFRRLFQITWTEPWLYNKPWSLSLSLFYSSRIYNVGAVSITENNNQQSIKEQAIYSRDGVGFTVGIGHRIFINWTHFHRYSPSIYASTNPSSLVSDQVLAEVRRGWQFRSQISNGIAYDIRDNVFNPTQGYDLLFQIDNVGQALGGQSHFDQYRVLAEYYHTWFDYSFFGLFRNNALRRWRVVQEFRSSSLFTYQRVPYYGKQDPIQKPYIQLQDLQFLGGYESLRGWFYDDAKYPAEWRDGAATRMMFGSELRFPIEPTLLWLVAFFDAGALYEEVNRATGVRKDLFETYDQRVREAQMKDPVGYYLANNYNLTALRKADYTFEELNNPANLVLSGNNVALDKFRFSWGVGLRIQIPVLPLRIYFAQKLKYTGVADHPFTKFESDNAFQFVFGIGDYRF,0.45999999999999996,0.37941229343414307
WP_444716582.1,"WP_444716582.1 alginate export family protein, partial [Leptospira interrogans]",MTSNQKKHSVKIGFIFFFLLSFGSGALLSQTAQVTENKPSVESPAATKQVTDTKPEDADYVSPMKKEGVSAEYNRHMFIDPDLSKTVNKYSNKLWVNDWIKLGFYLRPRYESRNNLNFDKSNHAYTDRIMQTSAFYFLIDPSPYVTFKITVQDTRVWGGASPANVGDIRSGFFSNTPTLSSDPNVPGKPSNSIASNNTSIREAFVMIKKLPLDAKVQVGRQIWAYGDQRMLGGANWTINGLSYDGARVMFDYDSFSSHFFVARPFWTQSGVNGVVSANDPKLNSTVANTNPSASQSDTTLFGTYNTFKILNEVVLDVYNIDVVKKWIPQTTPSSTADDVLAQNRKKQNDMLYTTGFRLTNRTNKNNLPQGRGWDWTIESAWQNGYNGQRIHQKFFGYDLPATTEDGIPLANTKTERVKYSGQFHVVQTGYTFAEKLRIGAQYTYAS,0.4066666666666667,0.39288532733917236
WP_444716581.1,"WP_444716581.1 alginate export family protein, partial [Leptospira interrogans]",GYTFAEKLRIGAQYTYASGDNNRADGSISTFQTLVNPRFGVIPYWNNVAGLSENIDTKNLSSWNANITYKNEKWGMFQIAYIINDKVQKNDAWYAINGGANSIAGSALSSPVATSTNATGGTTAAGSTENYTGNSFTQPYSTGRNIYNELDLTWMFQINDNVSIWTGAGFLIAGNSIRNYRNSPLIYNTTTNEFELNSAAFMKQHTSANNASVFFFQLNAAL,0.24666666666666665,0.3587833046913147
WP_444716503.1,"WP_444716503.1 TonB-dependent receptor domain-containing protein, partial [Leptospira interrogans]",TGNYKGIGTSFLALGEKSDQNFSYKNDHGTVVLNTLDDTIDRRKNASFERAALFGSLKYQIGKTELKFLNDFNHRIHGLPGPGSNQTDRVHRKYDRNTSSFATDTKGLFVDSFRLETRGFYTAAKDDLYDPLSEFSKGTPNSRAEIRQAGFQVMPTLYLTDYHQILRGFVSLEKESFDRERLTSSNLVGRVEPKKERTYSSFRLEDEIRIWNSKILLIPSVTWDHYKDRFPSEEPWYRRQDPLSGDIKKTTFTNPKLGFVWKIFEKESWDVQFQANISKQYRIPSFLEMFGEQGSIVANPNLKPEQSENGDAGFIYKTNHSFLKTKSSISYFKKDMRDMILFLPNSQFTLRPENVDSAKIRGLEFSHRGDWKYGIKFLFNYTYQEAINTSSSPYLHGKILPLRPRHEFSSTFSWKGKKLETGIELLYIGAVFRDRTNEYINYIPERQIWNYFFTWVIYSESKDSDLNGNSKEITREVLLTFEVKNFTDKRISDLIGYPLPGRSWYTTLSMRF,0.4333333333333333,0.38654640316963196
WP_444716466.1,WP_444716466.1 TolC family protein [Leptospira interrogans],MENKFKNWKQRILKFQRLSLFLLGNLILLSSTLFAESSTLKLTTEETVKRALESNYNLQNLRYELAKSDTNFLKNDSKYSWRLVADGRSSQSILPFNQANFFTGTKISDDTIKGGIEKVLQTTGTYFKIEAGSRRFDSNAFENPSTTPAGFSSLGIPPLYTGFVRATISQDLLKNSFGYKGRNEVKILESQAEIVKNQVSKQISSVIVESLVDFWDYSIKTQAVKTYKQLVENTRNIRNLTARKQSLGLSESFEVNQWNALLAQAQNQLETAQVQKEESKRKLIRSLKIPDDTTLSEETNLLEELTEKPEYTKDLEYAYKHRADFLNALKQKEIAEAALKNANNDRLPTLTLSGTGASQAQNIISPQDNYNDTNQGITTAKYKEWTGQVNFVYPIADKGIYAGVRDANIGMRQATLKEEELKNEVRDDVKTRIEALEASHRIYKNNIVTERETANYYNGVLRSFRQGRADAVAVKNALDTHVQDQLRLTQAKVNFNIDLLRYYLAKNALMERFQVDRDKLIPHLD,0.4666666666666666,0.45089244842529297
WP_444716459.1,"WP_444716459.1 OmpP1/FadL family transporter, partial [Leptospira interrogans]",VFGVVNGAAEKINRNTPTVETVNQWAGLPGIFGDGKRIQETTENQGIFIKAVNGLSIKFGNLSLGASLELNYGAQNRNIRYYDAFGIREIPGQGFHYESRKNALALSGIIGSNYTVTDWFRIAYVYQSSANFPFDGSYTIGVNDPTYYRSTGVSYNFRSPEKHGLGFAVGPENLKVAIDFLYINYGSYLKNARQNLEDPWYPNPQGRSSETIAHLNYRNQWAVLIGLEHKITKEWTYRFGYSYNSPIVSSNALNGAQGILLTLNHVIAGGFSYSSGPWSFDFGASCFIPGRQIEGGKDTDWAISHGIFGPNNQNNIVGYSYSAQALHSIGINFGVTRSFD,0.36,0.4799400866031647
WP_444716362.1,WP_444716362.1 alginate export family protein [Leptospira interrogans],MTSNQKKHSVKIGFIFFFLLSFGSGALLSQTAQVTENKPSVESPAATKQVTDTKPEDADYVSPMKKEGVSAEYNRHMFIDPDLSKTVNKYSNKLWVNDWIKLGFYLRPRYESRNNLNFDKSNHAYTDRIMQTSAFYFLIDPSPYVTFKITVQDTRVWGGASPANVGDIRSGFFSNTPTLSSDPNVPGKPSNSIASNNTSIREAFVMIKKLPLDAKVQVGRQIWAYGDQRMLGGANWTINGLSYDGARVMFDYDSFSSHFFVARPFWTQSGVNGVVSANDPKLNQTVANTNPSASQSDTTLFGTYNTFKILNEVVLDVYNIDVVKKWIPQTTPSSTADDVLAQNRKKQNDMLYTTGFRLTNRTNKNNLPQGRGWDWTIESAWQNGYNGQRIHQKFFGYDLPATTEDGIPLANTKTERVKYSGQFHVVQTGYTFAEKLRIGAQYTYASGDNNRADGSISTFQTLVNPRFGVIPYWNNVAGLSENIDTKNLSSWNANITYKNEKWGMFQIAYIINDKVQKNDAWYAINGGANSIAGSALSSTVATSTNATGGTTAAGSTENYTGNSFTQPYSTGRNIYNELDLTWMFQINDNVSIWTGAGFLIAGNSIRNYRNSPLIYNTTTNEFELNSAAFMKQHTSANNASVFFFQLNAAL,0.4066666666666667,0.4297948479652405
WP_444716235.1,WP_444716235.1 energy transducer TonB [Leptospira interrogans],MFACVPRLGPMVDRDPLLRRSCLKKKLVIFGVNFLSWSSPFLGLGIFFPLGVLFAFPKGREVRSSAFGSLLFQIACWVVLYPLEVSAILFPTVEAFVRTFVMNLREWLIGFYVLVGFVILVSHSYFLKKQRERLSKRSLSVLIPEEKIERIHYKILVLFVAGYLTSKLVFQDSYRLEYGQIGILEDSFLYFFSVLIAGDTLLSRGKQFFLFRRPWKLFEKQTRIARYSGFQGKWGLLKQKNAKLRDWIFPGWGHIYIGNLWKGFSILFLYLLFLLFLATSFFSWLEPADGIRFLMSMGLKPGIRDQTFFKITSSVIPILIFLGGIAVVHIISKFLLGRSFRSEPDDLTPKSTFISNLSYSILLHLILISLILIIPVTLQRKNKQKESERQRTHFTPENLEFYFIDPNLPNEVKGLNGGVVSGTETPTQKEGEKVPEDKPAEEGRVKGKVKQVRGKKLPATYSNYISAKMRGPESFMEYWRRAPKNYSSVVAYTVTPDGEVVDVDLVEASDYPEQDQMTLELIESLSPLMPPPGTKGYVRVTELFWNGSIDPNAMPTPLQKELVTMYDGRYMEEL,0.5,0.45699343085289
WP_444716166.1,"WP_444716166.1 endostatin-like outer membrane lipoprotein LenF, partial [Leptospira interrogans]",MKIKYKFAILSAFTLVFVACLNKSSGDDNAVLSGLISLISNEQGCVGLDCSKNRTLRSNQLQSGQSLQAAFPQGYLPYIFATSSFGAVHNGNFGGISGADAFCQSHIPSSVPSTGIYKAMIVDGVNRVATTVGPNSTVGQVNWVFQPNQQYRRADDGAIVMTTNGSGMFDFSNGARLENSFALKGESGQWTGLNSDWTTWTSG,0.2866666666666666,0.33479374647140503
WP_444716150.1,"WP_444716150.1 TonB-dependent receptor plug domain-containing protein, partial [Leptospira interrogans]",METNPILNQLNMFSSFRRFFSSNWIQIVFLFLFYVSIQAQDENIKTENKVIQKESPNTTTTDSKKDNGNGQNGQIVPEESQIVVTGSRGERRLKDSTVATEVISRKKIEASGARNAAEVLETQLGIDVVPFFGGSRVRMLGLDSQYVLILIDGERISGRLNNAVDLSRFKVQNIERIEIVKGASSALYGADAIGGVINLITREADKKLSYEMRTTYGNGSRKNFNTEGEFNTTANMGFRNEYVSGAVSAGYNKNPGYRLVPNSQATTGNAYQDLNTGINLTFNPDGKFKGKTRILYQHRDQNGVDVTQSKAVFDRNNKTHDFLATGSLEYGFGKRNLISFRGNISKWENKYYNNQRGSDELDVKQLNSELTSQGTVQLDMEASEKHFITVGAESFANELESDRLQSRYVYRTRKAVFFQDEWTVSRSPRIRVVPGVRYDDDSQFGNQTTPKLAARYDIFQNLVWRASYGRGFRPPSFQELYLRFENPAVGYVVEGNPNLKPERSITINSDLEYSPFSFLTFSLSVYRNDIINLIQYKFDSNKGREFAEFQLQNIAKAYTRGGEFGVQYRFLKYFTLELGYNHTDTRDLSSDRPLEGRALHQASANFIYNSPGGFQFNLRGKHLDKRPFYSSTNNLSAAGQDYIPSEVKLNENPPVIYGKPFTILNVRIEQKFFNKHFALFLGVDNLLNQYEL,0.4066666666666667,0.3925860822200775
WP_444716148.1,"WP_444716148.1 carboxypeptidase-like regulatory domain-containing protein, partial [Leptospira interrogans]",MKHKILSLFFFLSLITSPVLGQSTGKLVGKIVDSESGDPVFGTVIIVRSIKAATRSDFDGKYELNLPPGEHSVEFQMIGFATQFKKITISPGARVSMNVVMGAQVLDTVEVKGRGLENSESALLALQRKSGVVSDAISEEAIKKSPDSSAGDVLRRVTGITLVGGRFIFVRGLGERYSNTILNDSVIPSPEPDKRIVPLDLFPAGVIKNIRVIKTASAEDSAEFSGGIVKIETKEYPDTLSLSVSLGVGKNTQVAGHKFKTFDTGEMNNNFGLVSKKQELPDMISGLPKAIPFVEGDRFGGIPTNLMKVGALSFNQEWSPKEEDSPFNKSFSISAGNSFKTEKWGRFGILAGTTYNRSYNYREEANARFQASNPISIYLKDSNMLRPLNQNNLKIYGEEVLWGNNLNLAYEPKIGQQFFIKTLYSVQSDKIVREGDGANYIDNFNFKSTNLNFISRTIFNNTLGGEHEVRAFSARPHKVEWNVNYALAEIDEPDARNQAWSQGGTDLANGYRRLGNNPDGTRYFSSTADTVRSQSLKYEIPFNQWDGLQSKLKFGISNLDRFKHFEFREIAQRNFTGSDRDVIYPIPGEVIYNPLAYA,0.4133333333333333,0.4605979025363922
WP_444716147.1,"WP_444716147.1 TonB-dependent receptor domain-containing protein, partial [Leptospira interrogans]",DVIYPIPGEVIYNPLAYANGNRKIYERASGNNAYDASQALRAAFAQLEVPILAKLKSIVGVRYEDSYQKTKTYDLKNSWNGFNTSYGCKTNSEEERLLLVRANICDATNVGIGELRTKDKLPSANVVWEFAKDMNLRLGYSQTLTRPDLRELSPFGFAAYFQADRIFGNASLPRTYIHNYDLRWEYYITNTDYIGVGAFFKNLSNPIELIGLPVAGSASLVYKYANAQQATIRGIELDYRKELLWWLRVEANVFFIKSRVDVIDSKIYGLISTGQVDPLSTYAAYSPTTLNRPLQGQSDFVANLKVDVFVSKSKKHNIGFYYNYFSDRIALVGSDGVPNAIQKGTGTSDVVYTYRHNDRLDFRSSVRNVMNTQFKITQTDPLTGQEYVFQKYRTGLDVSFSATYKL,0.36666666666666664,0.3687945008277893
WP_444716102.1,"WP_444716102.1 TonB-dependent receptor domain-containing protein, partial [Leptospira interrogans]",VQTIQNEYFNDLRQIENVSEVELLKRNWKIVFGGQYREVDTGYKGKVSQIDLDPTYNFIHQQLLNSSDVKSVLEGDSVRTRQIGTFFENRFKFYDFNLNLGVRREYYDKSREWKTAPRIGISKEIAYTQSRIFAGYGKHFQAPSDVSRYSARTGNPNLKMEESEHAEIGWDQKIGNFWNIKIEGYQNTFSNLSIADPYAMDPFSRNRDLMRESLDPNADLSLVRRSNLNYSNSMTGYSRGVEVFIKKEASAESGLYGWISYTKSITKRNRNLPELTKQEYSSWLAESSAKDLIHQENTDYYYANFYRDGSYDVLFKNSKEELYDFDRTHMFNMVIGWKFGEKAQIGLRGTYLTNYAYTPVVGSKSITSEQFNSQLLPSAAPPPPSSSSSSSSSLFSIYQPVYSDMLRSARLPHYHQFDLRFDRFIPTSWGRMTAYLELVNITGSRIAVSADTFVPIFPFVPGANPETQYIYLNGLQSLRTEKNKIPYLNFGIEFRF,0.4133333333333333,0.4844016432762146
WP_444716065.1,"WP_444716065.1 endostatin-like outer membrane protein, LenA/LenB family, partial [Leptospira interrogans]",MFKNIFLIFLTGSVVCILWSCGDKKEEDNSDLLLFLLNSLGSSNSAASTVVTSCKDASFCRTFVATNNGAGYDGNLGGISGADAKCAAAKSSNLTGTYKALLAAMGTREAVFVGDGSTRLVDWVLYPNKQYRRSDGTTTTFTTNANSVVTANLQNSVDVGAEKFYWIGVGNQPATFDWEVSLNCNDWNSNNAVNFAIDGTTSSNEVFAGDGATPGGAFGSHNTGCNIRLNLLC,0.38666666666666666,0.4014352560043335
WP_444716056.1,WP_444716056.1 TolC family protein [Leptospira interrogans],MYYKKKRTLEKFLVFGTILLTMIQPTWSEDILPEETVLEENKKSPVENLGDSKKILRLTLKDAVNYVLEKNITIQNAKMEYVKADGGELKNESQFTWNLIGGITVFRTTPPANRNNIFAGTKQSQDKLSVGIEKNFRTGTYAKLEASTTRFDTSAFENPSTTPSNLAALAIPPLYTGALTITLSQEILKYSFGKTQKEREAILRQNTVIKREELIYVLSQLVAQTLIQYWSLNIYDSNVKTLQDLESNTRNIRDLTVRKRNLGLSEGFEVNLWNSILSQTAGNLEKAKVSRKEAERNLIRILNADPSSKIEGVTDLQENVPLDFNVEKDYIYALDHRTDLKNLRKQREIAELNLKIKEAEDMPSLKLSGAYSTRGQNIVSPQQNLTDGNRGVASFKYPEAYAAFQFSYPLWDKGIKADIRNAKLDVQNLEKKEAELKLSIKEELENRYAAIVADKDIFEGAKKRKEEANKFYKGLSERFRQGRFTAVAVKNALDNVIQSELQVTQAKIQLNIDILRYELAKNHIFERFGVNVNDIIDRLMKMVDIAQSKSSTETSEK,0.48666666666666664,0.3924010694026947
WP_444716017.1,WP_444716017.1 OmpP1/FadL family transporter [Leptospira interrogans],MRILFNRIQKSTLPIFISLGVFISFPSLWAVASNSRNAINARYEGMAGVNFALGGSPMDVALNPANLYLMKGKKIEFGLGMSHAQIRLKDQFLDSDPSLNYTNSKSRTGAGAAPYMAVKLPVTDTIDYGFAAYVFGVVNGAAEKINRNTPTVETVNQWAGLPGIFGDGKRIQETTENQGIFIKAVNGLSIKFGNLSLGASLELNYGAQNRNIKYYDAFGIREIPGQGFHYESRKNALALSGIIGSNYTVTDWFRIAYVYQSSANFPFDGSYTIGVNDPTYYRSTGVSYNFRSPEKHGLGFAVGPENLKVAIDFLYINYGSYLKNARQNLEDPWYPNPQGRSSEAIAHLNYRNQWAVLIGLEHKITKEWTYRFGYSYNSPIVSSNALNGAQGILLTLNHVIAGGFSYSSGPWSFDFGTSCFIPGRQIEGGKDTDWAISHGIFGPNNQNNIVGYSYSAQALHSIGINFGVTRSFD,0.36,0.46622326970100403
WP_444716015.1,"WP_444716015.1 lipoprotein, tandem type [Leptospira interrogans]",MKKIKIVTVITLFLISLTGCKKSKEELEKEEEKKKLEVVNSSINMVYGIFINNLVFLLDENAESMKEEPACFEFRPKEGRASVKFYKHPEVYNLEVKTKNELEYILIYQAKQANLKLNLKGQLPGRVSGVIDVLSAELRLFDLPNKKKSAAINDIDIAYDGQGDSNSDSHHGRFNSISECEEGYVKNDELNESLREQKSTCEGPGC,0.6266666666666667,0.5209075212478638
WP_444715965.1,WP_444715965.1 flagellar-coiling protein FcpB [Leptospira interrogans],MKLQKLFLAVLIAISTAVFSQQNSGSDQKSQPSSAQLGQSILETERKLDEKIFELNQRLTRHTVLMKMKVRVLPFRTVLFKGKANNDECTPAINQEDPANNRIRVEVYDFIRDEERGLNKNVQGALAKYMEIYFEGQNSNDPEPRTEPPRNINKLKSKIYKNNMVLEDKIISEVMDRGPNTQPSHNDKVEVFFQKDNYPEYGRPETPAEKGVGKYILAGVENTKTHPIRNSFKKEFYIKHLDQFDRLFTKIFDYNDQLGNENYKENVDALKDSLRY,0.42,0.4363960027694702
WP_444712193.1,WP_444712193.1 MlaD family protein [Leptospira interrogans],MNLSKHTAVLTGIVFFLAFSLSMYVSVIEKAGTKDEYPYTMKIYYPRLEGIHPGTPVRILGVEKGIVRSLDVVPIDEVEDQRFLNKDQTKAIEIIVRLKEPITLWDNYKITFQTNTILSGRTIDIDPGSFDKEETSFFQPTYLEEEQKSPDFLPSADYFEDFFAASTGVIRENREDIRTSFNNFYEISEKLKSNRGTIPQIINSPETYDNVIELLTDARIFGNDARRYLEGNRKLERSAPIPLTINMYRRTTLIGNVSNRYYFGKL,0.4133333333333333,0.41008856892585754
